food_name,image
초코몬드 카라멜 크림치즈 베이글,https://image.istarbucks.co.kr/upload/store/skuimg/2020/05/[9300000002783]_20200513170505148.jpg
Pick한 시나몬 롤,https://image.istarbucks.co.kr/upload/store/skuimg/2020/02/[9300000002712]_20200228105957891.jpg
녹차 머핀,https://image.istarbucks.co.kr/upload/store/skuimg/2018/05/[9300000001538]_20180528125435774.jpg
다크 초콜릿 칩 머핀,https://image.istarbucks.co.kr/upload/store/skuimg/2018/05/[9300000001555]_20180509163652737.jpg
상큼한 블루베리 머핀,https://image.istarbucks.co.kr/upload/store/skuimg/2018/05/[9300000001554]_20180509163415406.jpg
제주 감귤 머핀,https://image.istarbucks.co.kr/upload/store/skuimg/2018/05/[9300000001539]_20180528130703954.jpg
고소한 치즈 베이글,https://image.istarbucks.co.kr/upload/store/skuimg/2016/06/[9300000000130]_20160609141639682.jpg
블루베리 베이글,https://image.istarbucks.co.kr/upload/store/skuimg/2015/08/[5110001015]_20150805155117670.jpg
레이즌 스콘,https://image.istarbucks.co.kr/upload/store/skuimg/2019/12/[9300000002540]_20191220143617296.jpg
미니 클래식 스콘,https://image.istarbucks.co.kr/upload/store/skuimg/2019/08/[5110001099]_20190826174234039.jpg
카카오 초콜릿 스콘,https://image.istarbucks.co.kr/upload/store/skuimg/2018/05/[9300000001558]_20180509164154075.jpg
클래식 스콘,https://image.istarbucks.co.kr/upload/store/skuimg/2018/05/[9300000001557]_20180510111353221.jpg
한라봉 스콘,https://image.istarbucks.co.kr/upload/store/skuimg/2018/05/[9300000001540]_20180528131113756.jpg
DT_파마산 스틱,https://image.istarbucks.co.kr/upload/store/skuimg/2019/02/[9300000001852]_20190214151238821.jpg
거문 오름 크루아상,https://image.istarbucks.co.kr/upload/store/skuimg/2018/02/[9300000001361]_20180208145626492.jpg
딸기 앙모스,https://image.istarbucks.co.kr/upload/store/skuimg/2020/02/[9300000002627]_20200219094113290.jpg
리프 파이,https://image.istarbucks.co.kr/upload/store/skuimg/2017/05/[9300000000887]_20170510134043236.jpg
매콤 소시지 불고기 베이크,https://image.istarbucks.co.kr/upload/store/skuimg/2019/07/[9300000002227]_20190711130912353.jpg
소시지 불고기 베이크,https://image.istarbucks.co.kr/upload/store/skuimg/2019/07/[9300000002226]_20190711130955314.jpg
스모크드 소시지 브레드,https://image.istarbucks.co.kr/upload/store/skuimg/2019/10/[9300000002445]_20191021134554268.jpg
스윗 크루아상 러스크,https://image.istarbucks.co.kr/upload/store/skuimg/2020/03/[9300000002685]_20200303143440232.jpg
우도 땅콩 데니쉬롤,https://image.istarbucks.co.kr/upload/store/skuimg/2018/02/[9300000001362]_20180208145434920.jpg
제주 주상절리 파이,https://image.istarbucks.co.kr/upload/store/skuimg/2019/11/[9300000002489]_20191106171030318.jpg
제주 한라봉 뺑오쇼콜라,https://image.istarbucks.co.kr/upload/store/skuimg/2019/11/[9300000002488]_20191106172218622.jpg
초콜릿 롤링 크루아상,https://image.istarbucks.co.kr/upload/store/skuimg/2018/08/[9300000001774]_20180829140341186.jpg
프렌치 크루아상,https://image.istarbucks.co.kr/upload/store/skuimg/2019/05/[9300000002135]_20190515174422340.jpg
하트 파이,https://image.istarbucks.co.kr/upload/store/skuimg/2015/07/[5110006070]_20150723085025288.jpg
서머 베리 요거트 케이크,https://image.istarbucks.co.kr/upload/store/skuimg/2020/04/[9300000002709]_20200406204905234.jpg
7 레이어 가나슈 케이크,https://image.istarbucks.co.kr/upload/store/skuimg/2017/10/[9300000001179]_20171019152611027.jpg
DT밀당 케이크_레드 벨벳,https://image.istarbucks.co.kr/upload/store/skuimg/2018/03/[9300000001392]_20180315164104017.jpg
DT밀당 케이크_촉촉 초코,https://image.istarbucks.co.kr/upload/store/skuimg/2018/03/[9300000001393]_20180315164159937.jpg
레드벨벳 크림치즈 케이크,https://image.istarbucks.co.kr/upload/store/skuimg/2015/10/[5110007192]_20151002104431160.jpg
마스카포네 티라미수 케이크,https://image.istarbucks.co.kr/upload/store/skuimg/2018/12/[9300000001907]_20181224160412089.jpg
번트 치즈 케이크,https://image.istarbucks.co.kr/upload/store/skuimg/2020/02/[9300000002534]_20200206132830404.jpg
부드러운 생크림 카스텔라,https://image.istarbucks.co.kr/upload/store/skuimg/2015/07/[5110007181]_20150723001851513.jpg
블루베리 쿠키 치즈 케이크,https://image.istarbucks.co.kr/upload/store/skuimg/2018/04/[9300000001376]_20180412095015947.jpg
슈 크림 초콜릿 쿠키 슈,https://image.istarbucks.co.kr/upload/store/skuimg/2020/02/[9300000002429]_20200219093744888.jpg
슈크림 가득 바움쿠헨,https://image.istarbucks.co.kr/upload/store/skuimg/2019/11/[9300000002448]_20191112103406500.jpg
진한 녹차 생크림 케이크,https://image.istarbucks.co.kr/upload/store/skuimg/2018/07/[9300000001576]_20180720100423612.jpg
진한 얼 그레이 생크림 케이크,https://image.istarbucks.co.kr/upload/store/skuimg/2018/12/[9300000001908]_20181224160525094.jpg
진한 초콜릿 크레이프 케이크,https://image.istarbucks.co.kr/upload/store/skuimg/2019/09/[9300000002293]_20190917153147994.jpg
초콜릿 페스티벌 케이크,https://image.istarbucks.co.kr/upload/store/skuimg/2018/10/[9300000001801]_20181022124646666.jpg
크레이프 치즈 케이크,https://image.istarbucks.co.kr/upload/store/skuimg/2019/06/[9300000002162]_20190617140000992.jpg
클라우드 초콜릿 케이크,https://image.istarbucks.co.kr/upload/store/skuimg/2019/08/[9300000002175]_20190827154929632.jpg
클라우드 치즈 케이크,https://image.istarbucks.co.kr/upload/store/skuimg/2016/05/[9300000000132]_20160511104357725.jpg
호두 당근 케이크,https://image.istarbucks.co.kr/upload/store/skuimg/2015/08/[5110007147]_20150804230425962.jpg
화이트 돌체 케이크,https://image.istarbucks.co.kr/upload/store/skuimg/2020/02/[9300000002535]_20200206133010804.jpg
Thank you! 베리 케이크,https://image.istarbucks.co.kr/upload/store/skuimg/2020/04/[9300000002689]_20200423143627574.jpg
당근 현무암 케이크,https://image.istarbucks.co.kr/upload/store/skuimg/2017/07/[9300000001055]_20170710124750942.jpg
몽한라 아일랜드,https://image.istarbucks.co.kr/upload/store/skuimg/2018/05/[9300000001537]_20180528125759495.jpg
제주 리얼녹차 티라미수 아일랜드,https://image.istarbucks.co.kr/upload/store/skuimg/2019/11/[9300000002491]_20191106171253990.jpg
티라미수 아일랜드,https://image.istarbucks.co.kr/upload/store/skuimg/2018/02/[9300000001365]_20180208145758781.jpg
촉촉 초콜릿 생크림 케이크,https://image.istarbucks.co.kr/upload/store/skuimg/2016/02/[9300000000011]_20160212132908104.jpg
블루베리 쿠키 치즈 케이크,https://image.istarbucks.co.kr/upload/store/skuimg/2018/04/[9300000000913]_20180430162431754.jpg
세븐 레이어 가나슈 케이크,https://image.istarbucks.co.kr/upload/store/skuimg/2019/04/[9300000002065]_20190412135121406.jpg
청담스타 얼 그레이 밀크 케이크,https://image.istarbucks.co.kr/upload/store/skuimg/2018/04/[9300000001521]_20180419160443788.jpg
청담스타 오 허니 케이크,https://image.istarbucks.co.kr/upload/store/skuimg/2017/04/[9300000000882]_20170425213905124.jpg
크레이프 에멘탈 치즈 케이크,https://image.istarbucks.co.kr/upload/store/skuimg/2019/04/[9300000002064]_20190412135005999.jpg
피칸 브라우니,https://image.istarbucks.co.kr/upload/store/skuimg/2019/06/[9300000002173]_20190612150600937.jpg
헤븐리 티라미수,https://image.istarbucks.co.kr/upload/store/skuimg/2017/04/[9300000000878]_20170425213107826.jpg
치킨텐더 콥 샐러드 밀박스,https://image.istarbucks.co.kr/upload/store/skuimg/2020/03/[9300000002690]_20200311131154585.jpg
바비큐 풀드 포크 샌드위치,https://image.istarbucks.co.kr/upload/store/skuimg/2020/04/[9300000002711]_20200406140228409.jpg
파인 땡큐 샌드위치,https://image.istarbucks.co.kr/upload/store/skuimg/2020/04/[9300000002710]_20200406140132955.jpg
로스트 비프 샐러드 밀 박스,https://image.istarbucks.co.kr/upload/store/skuimg/2019/08/[9300000002303]_20190808130020446.jpg
로스트 치킨 샐러드 밀 박스,https://image.istarbucks.co.kr/upload/store/skuimg/2019/08/[9300000002305]_20190808130213150.jpg
쉬림프 코코넛 샐러드 밀 박스,https://image.istarbucks.co.kr/upload/store/skuimg/2019/08/[9300000002304]_20190808130113359.jpg
B.E.L.T. 샌드위치,https://image.istarbucks.co.kr/upload/store/skuimg/2017/02/[9300000000689]_20170213161442535.jpg
DT밀당 샌드위치_바질 모짜렐라,https://image.istarbucks.co.kr/upload/store/skuimg/2019/04/[9300000001851]_20190412134812853.jpg
DT밀당 샌드위치_베이컨 크림치즈,https://image.istarbucks.co.kr/upload/store/skuimg/2019/04/[9300000001850]_20190412134320895.jpg
과카몰리 크루아상 밀 박스,https://image.istarbucks.co.kr/upload/store/skuimg/2020/01/[9300000002312]_20200131145810723.jpg
단호박 에그 샌드위치,https://image.istarbucks.co.kr/upload/store/skuimg/2016/03/[9300000000036]_20160316095031573.jpg
멕시칸 브리또 밀 박스,https://image.istarbucks.co.kr/upload/store/skuimg/2019/02/[9300000001937]_20190211140815644.jpg
미트 파스타 샌드위치 밀 박스 ,https://image.istarbucks.co.kr/upload/store/skuimg/2019/12/[9300000002451]_20191202134604419.jpg
바비큐 치킨 치즈 치아바타,https://image.istarbucks.co.kr/upload/store/skuimg/2015/08/[5110003062]_20150804225346414.jpg
베이컨 치즈 토스트,https://image.istarbucks.co.kr/upload/store/skuimg/2019/08/[9300000002178]_20190827175921115.jpg
볼케이노 샌드위치,https://image.istarbucks.co.kr/upload/store/skuimg/2018/04/[9300000001514]_20180425172044904.jpg
부드러운 크림치즈 샌드위치,https://image.istarbucks.co.kr/upload/store/skuimg/2020/02/[9300000002625]_20200219093852640.jpg
브로콜리 에그에그 샌드위치,https://image.istarbucks.co.kr/upload/store/skuimg/2019/10/[9300000002443]_20191017160151286.jpg
쉬림프 & 아보카도 샌드위치,https://image.istarbucks.co.kr/upload/store/skuimg/2020/03/[9300000002687]_20200303143546000.jpg
쉬림프 로제 파스타 밀 박스,https://image.istarbucks.co.kr/upload/store/skuimg/2019/08/[9300000002313]_20190820131745979.jpg
스프링 치킨 시저 랩,https://image.istarbucks.co.kr/upload/store/skuimg/2020/02/[9300000002626]_20200219094012326.jpg
어니언 베이컨 체다치즈 파니니,https://image.istarbucks.co.kr/upload/store/skuimg/2015/07/[5110003082]_20150722222903515.jpg
에그 베이컨 치즈 백년초 베이글,https://image.istarbucks.co.kr/upload/store/skuimg/2018/03/[9300000001388]_20180328112810479.jpg
"에그, 베이컨 치즈 베이글",https://image.istarbucks.co.kr/upload/store/skuimg/2015/08/[5110003074]_20150804225939205.jpg
에그에그 샌드위치,https://image.istarbucks.co.kr/upload/store/skuimg/2019/01/[9300000001927]_20190114111036788.jpg
잉글리쉬 머핀 밀 박스,https://image.istarbucks.co.kr/upload/store/skuimg/2019/02/[9300000001935]_20190211140601699.jpg
제주 녹차 베이컨 치즈 베이글,https://image.istarbucks.co.kr/upload/store/skuimg/2018/03/[9300000001387]_20180328113327539.jpg
제주 흑돼지 아보카도 샌드위치,https://image.istarbucks.co.kr/upload/store/skuimg/2019/11/[9300000002490]_20191106171151281.jpg
제주 흑돼지 초리조 먹물 샌드위치,https://image.istarbucks.co.kr/upload/store/skuimg/2018/03/[9300000001389]_20180328113451660.jpg
크랜베리 치킨 치즈 샌드위치,https://image.istarbucks.co.kr/upload/store/skuimg/2017/08/[9300000001117]_20170808091700134.jpg
크로크 무슈,https://image.istarbucks.co.kr/upload/store/skuimg/2017/08/[9300000001118]_20170808091515413.jpg
포크 커틀릿 샌드위치,https://image.istarbucks.co.kr/upload/store/skuimg/2018/12/[9300000001652]_20181224155642926.jpg
햄 치즈 먹물 샌드위치,https://image.istarbucks.co.kr/upload/store/skuimg/2019/12/[9300000002536]_20191220143852765.jpg
햄&루꼴라 올리브 샌드위치,https://image.istarbucks.co.kr/upload/store/skuimg/2018/08/[9300000001777]_20180829140604582.jpg
현무암 크로크무슈,https://image.istarbucks.co.kr/upload/store/skuimg/2018/04/[9300000001516]_20180425172254006.jpg
트러플 머쉬룸 수프,https://image.istarbucks.co.kr/upload/store/skuimg/2019/12/[9900000000680]_20191202134306880.jpg
현미 크림 수프,https://image.istarbucks.co.kr/upload/store/skuimg/2016/09/[9900000000084]_20160920155032027.jpg
우리나라 옥고감,https://image.istarbucks.co.kr/upload/store/skuimg/2015/07/[5110009042]_20150731190846277.jpg
한 입에 쏙 호두,https://image.istarbucks.co.kr/upload/store/skuimg/2018/05/[9300000001368]_20180517171108453.jpg
사과 가득 핸디 젤리,https://image.istarbucks.co.kr/upload/store/skuimg/2019/11/[9300000001911]_20191104110731624.jpg
제주 자연 청 세트,https://image.istarbucks.co.kr/upload/store/skuimg/2018/08/[9300000001672]_20180813105526098.jpg
하루 한 컵 GREEN,https://image.istarbucks.co.kr/upload/store/skuimg/2018/04/[9300000001364]_20180412095213123.jpg
하루 한 컵 RED,https://image.istarbucks.co.kr/upload/store/skuimg/2016/04/[5110009051]_20160427151949047.jpg
한 입에 쏙 열대 과일칩(망고&파인애플),https://image.istarbucks.co.kr/upload/store/skuimg/2019/10/[9300000002409]_20191029164536656.jpg
한 입에 쏙 우리 과일칩(딸기&사과),https://image.istarbucks.co.kr/upload/store/skuimg/2019/10/[9300000002408]_20191029164230648.jpg
한라봉 가득 핸디 젤리,https://image.istarbucks.co.kr/upload/store/skuimg/2019/11/[9300000001912]_20191104110839986.jpg
New 밀크 푸딩,https://image.istarbucks.co.kr/upload/store/skuimg/2020/01/[9300000002619]_20200129141145991.jpg
New 초콜릿 푸딩,https://image.istarbucks.co.kr/upload/store/skuimg/2020/01/[9300000002620]_20200129141255087.jpg
스타벅스 오가닉 그릭 요거트,https://image.istarbucks.co.kr/upload/store/skuimg/2017/04/[9300000000751]_20170405155250571.jpg
오가닉 그릭 요거트 플레인 JAR,https://image.istarbucks.co.kr/upload/store/skuimg/2019/01/[9300000001855]_20190107180642417.jpg
로고 코인 다크 초콜릿 (골드),https://image.istarbucks.co.kr/upload/store/skuimg/2015/07/[5650003321]_20150723015542697.jpg
로고 코인 밀크 초콜릿 (실버),https://image.istarbucks.co.kr/upload/store/skuimg/2015/07/[5650003322]_20150723015450710.jpg
로스티드 아몬드 앤 초콜릿,https://image.istarbucks.co.kr/upload/store/skuimg/2015/07/[5650003325]_20150723020327783.jpg
리저브 초콜릿 세트,https://image.istarbucks.co.kr/upload/store/skuimg/2018/08/[9300000001610]_20180813105145974.jpg
블루베리 초콜릿,https://image.istarbucks.co.kr/upload/store/skuimg/2017/06/[9300000000772]_20170605104801377.jpg
에스프레소 빈 초콜릿,https://image.istarbucks.co.kr/upload/store/skuimg/2017/06/[9300000000773]_20170605104945075.jpg
제주 오름 초콜릿 세트,https://image.istarbucks.co.kr/upload/store/skuimg/2018/01/[9300000001257]_20180117105425258.jpg
구워서 바삭한 코코넛 칩,https://image.istarbucks.co.kr/upload/store/skuimg/2017/07/[9300000000682]_20170720114325160.jpg
다크 초콜릿 카우보이 쿠키,https://image.istarbucks.co.kr/upload/store/skuimg/2015/07/[5650003319]_20150723022427578.jpg
단호박&백년초 라이스 볼 틴 세트,https://image.istarbucks.co.kr/upload/store/skuimg/2019/09/[9300000002407]_20190927152159186.jpg
먹물치즈 라이스 비스코티,https://image.istarbucks.co.kr/upload/store/skuimg/2019/03/[9300000001999]_20190320162347817.jpg
버터 가득 라이스 쿠키,https://image.istarbucks.co.kr/upload/store/skuimg/2018/10/[9300000001893]_20181030153714185.jpg
오도독 건강한 넛&블루베리,https://image.istarbucks.co.kr/upload/store/skuimg/2015/07/[5650003312]_20150723023453318.jpg
우리 미 감자팝,https://image.istarbucks.co.kr/upload/store/skuimg/2016/10/[9300000000444]_20161014130607008.jpg
청크 초콜릿 쿠키 틴 세트,https://image.istarbucks.co.kr/upload/store/skuimg/2020/01/[9300000002618]_20200116161051474.jpg
탐라 비스코티,https://image.istarbucks.co.kr/upload/store/skuimg/2017/09/[9300000001198]_20170921154305151.jpg
현무암 러스크,https://image.istarbucks.co.kr/upload/store/skuimg/2017/09/[9300000001199]_20170921154415264.jpg
화이트 초콜릿 카우보이 쿠키,https://image.istarbucks.co.kr/upload/store/skuimg/2015/07/[5650003320]_20150723022640144.jpg
다크 초콜릿 마카롱,https://image.istarbucks.co.kr/upload/store/skuimg/2019/01/[9300000001924]_20190114110705823.jpg
바닐라 마카롱,https://image.istarbucks.co.kr/upload/store/skuimg/2015/07/[5110008078]_20150722210718416.jpg
블루베리 마카롱,https://image.istarbucks.co.kr/upload/store/skuimg/2015/07/[5110008075]_20150722211058139.jpg
스트로베리 마카롱,https://image.istarbucks.co.kr/upload/store/skuimg/2018/02/[9300000001318]_20180207163707876.jpg
20 W-day 캔디 하트 백,https://image.istarbucks.co.kr/upload/store/skuimg/2020/02/[9300000002318]_20200225152129178.jpg
New 한 입에 쏙 고구마,https://image.istarbucks.co.kr/upload/store/skuimg/2019/06/[9300000002132]_20190619144821795.jpg
더블 치즈 베이글 칩,https://image.istarbucks.co.kr/upload/store/skuimg/2020/01/[9300000002517]_20200129141414318.jpg
라이스 칩(블루베리 잼),https://image.istarbucks.co.kr/upload/store/skuimg/2019/01/[9300000001894]_20190114110400588.jpg
베어리스타 오가닉 젤리,https://image.istarbucks.co.kr/upload/store/skuimg/2019/11/[9300000002410]_20191107104122142.jpg
스타벅스 찹쌀말랑,https://image.istarbucks.co.kr/upload/store/skuimg/2018/08/[9300000001391]_20180809163723366.jpg
씨프렌즈 캔디,https://image.istarbucks.co.kr/upload/store/skuimg/2018/07/[9300000001058]_20180710125626733.jpg
아몬드 토피넛 캔디,https://image.istarbucks.co.kr/upload/store/skuimg/2020/02/[9300000002621]_20200228105751583.jpg
애프터 커피 캔디 (페퍼민트),https://image.istarbucks.co.kr/upload/store/skuimg/2018/08/[9300000001523]_20180831125504905.jpg
우도 땅콩 다쿠아즈,https://image.istarbucks.co.kr/upload/store/skuimg/2017/09/[9300000001189]_20170921154050948.jpg
우리 흑米 카스텔라,https://image.istarbucks.co.kr/upload/store/skuimg/2020/01/[9300000002617]_20200116130709118.jpg
우리米 카스텔라,https://image.istarbucks.co.kr/upload/store/skuimg/2020/01/[9300000002127]_20200122173812466.jpg
자일리톨 캔디 크리스탈 레몬,https://image.istarbucks.co.kr/upload/store/skuimg/2020/03/[9300000002556]_20200317142407826.jpg
제주 녹차 다쿠아즈,https://image.istarbucks.co.kr/upload/store/skuimg/2017/09/[9300000001195]_20170921153929268.jpg
카라멜 스틱,https://image.istarbucks.co.kr/upload/store/skuimg/2017/09/[9300000001059]_20170919152045307.jpg
카라멜 와플,https://image.istarbucks.co.kr/upload/store/skuimg/2015/12/[5650003327]_20151214094216294.jpg
큐브 라이스 카스텔라,https://image.istarbucks.co.kr/upload/store/skuimg/2020/05/[9300000002726]_20200529153429616.jpg
한입에 쏙 공주 알밤,https://image.istarbucks.co.kr/upload/store/skuimg/2019/09/[9300000002000]_20190927151638169.jpg
유기농 바닐라 아이스크림,https://image.istarbucks.co.kr/upload/store/skuimg/2016/06/[5110009050]_20160610090705752.jpg
유기농 초콜릿 아이스크림,https://image.istarbucks.co.kr/upload/store/skuimg/2017/05/[9300000000810]_20170523151927203.jpg
자바 칩 유기농 바닐라 아이스크림,https://image.istarbucks.co.kr/upload/store/skuimg/2016/06/[9900000000034]_20160610090907630.jpg
자바 칩 유기농 초콜릿 아이스크림,https://image.istarbucks.co.kr/upload/store/skuimg/2017/05/[9900000000171]_20170523152018211.jpg
넛츠 바닐라 아포가토,https://image.istarbucks.co.kr/upload/store/skuimg/2016/06/[9900000000033]_20160610103328615.jpg
넛츠 초콜릿 아포가토,https://image.istarbucks.co.kr/upload/store/skuimg/2017/05/[9900000000170]_20170523152501374.jpg
바닐라 아포가토,https://image.istarbucks.co.kr/upload/store/skuimg/2016/06/[9900000000031]_20160610102716564.jpg
자바 칩 바닐라 아포가토,https://image.istarbucks.co.kr/upload/store/skuimg/2016/06/[9900000000032]_20160610103052650.jpg
자바 칩 초콜릿 아포가토,https://image.istarbucks.co.kr/upload/store/skuimg/2017/05/[9900000000169]_20170523152354183.jpg
초콜릿 아포가토,https://image.istarbucks.co.kr/upload/store/skuimg/2017/05/[9900000000168]_20170523152252647.jpg
